response,n
side effects,17
efficacy,14
safety,12
new,11
clinical trials,10
cost,7
distribution,7
availability,6
development,6
disease,6
medicine,6
cdc,4
manufacturer,4
approval process,3
benefits,3
booster,3
covid,3
cure,3
dosage,3
effective,3
effectiveness,3
injection,3
research,3
safe,3
shot,3
virus,3
antidote,2
approval,2
breakthrough,2
children,2
covid-19,2
fda approval,2
health,2
how does it work,2
immunity,2
immunization,2
influenza,2
inoculation,2
is it safe,2
latest,2
latest news,2
needle,2
pfizer,2
research findings,2
syringe,2
testing,2
who,2
activate,1
adverse effects,1
adverse reactions,1
agent,1
anthrax,1
anti infection,1
antibiotic,1
antibodies,1
antibody,1
approval status,1
approved,1
approved by cdc,1
auto immune,1
background,1
bad reactions,1
best jab,1
bird flu,1
bivalent,1
can the new one make you sick,1
cdc approval,1
cholera,1
cocktails,1
contraindications,1
corona,1
cotton,1
covered by insurance,1
current,1
current news,1
dangerous,1
deadly side-effects,1
death,1
deaths,1
debate,1
defense,1
dengue,1
detect,1
developer,1
disease cure,1
disease killer,1
disinformation,1
do i need insurance get,1
does it hurt,1
dose,1
drug,1
educating patients,1
effective shot,1
efficacy rate,1
efficiency,1
elderly,1
expert,1
expert opinions,1
expert opinions on,1
factcheck,1
facts about,1
faq,1
fda,1
finder,1
fix,1
flu vaccination,1
for disease prevention,1
free,1
global impact,1
has it been tested before,1
hazard,1
help for disease,1
hepatitis a,1
herpes zoster,1
how does work,1
how effective is it,1
how long does the protection last,1
how long was developed,1
how many people were in the trial,1
how many times do i need get it,1
how much does it cost,1
how much protection does it give me,1
how much will it cost,1
immune booster,1
in news,1
infant regurgitates,1
information,1
ingredients,1
injection-site pain,1
injections you need,1
insurance,1
is it a traditional or mrna,1
is the new safe take,1
is the shot required,1
it helps get rid from the disease,1
jab,1
jama,1
length of protection,1
location,1
long term side effects,1
manufacturing process,1
mechanism of action,1
mechanism of action of [new],1
medical,1
minimum age,1
misconceptions,1
mnra,1
modern,1
moderna,1
mrna,1
myocarditis,1
new antidote,1
new available,1
new called,1
new cure,1
new developments,1
new dose,1
new drugs,1
new immunizations,1
new liquid medicines,1
new medicines,1
new name,1
new shots,1
news,1
news preventing disease,1
number of doze,1
nurse,1
official health organization,1
ok,1
one time only or yearly,1
pain,1
pain relievers,1
pandemic,1
patient,1
peer-reviewed scientific research,1
percentage of side effects,1
pharmacies near me,1
polio,1
possible side effects,1
power,1
powerful,1
precautions,1
pregnancy,1
preparing,1
prevention,1
preventive medicine,1
production,1
professional,1
protocols,1
recent,1
recent development,1
recent discovery,1
recommended for,1
reducing disease risk,1
regulatory approval,1
remedies,1
research institute name,1
reviews,1
"reviews ""exclude mainstream media results""",1
risk factors,1
risks,1
rumors,1
serum,1
shot in news,1
sickness,1
side effect,1
success in preventing disease,1
success rate,1
targeted at,1
testing done,1
traditional,1
treatment for new illness,1
trial immunizations,1
trial results,1
trial size,1
trials,1
updates,1
what age do you need be get it,1
what age group is for,1
what does the new protect against,1
what expect from this new one,1
what is prevention available public for new diseases,1
what is recommended lately by the cdc,1
what new are out in 202x,1
what type of symptoms might i get from this new,1
where can i get the shots,1
where get,1
where get it,1
where i can get the new,1
where was developed,1
who invented,1
who made,1
will i need a booster,1
worth the risk,1
